#,Nivel,URL,Title Tag,Meta Description,H1,Zona,Tipo Zona,Servicio,Prioridad,Estado
1,Homepage,/,Masajes a Domicilio en Medellín | Manos Curativas,"Masajes profesionales a domicilio en Medellín y alrededores. Relajantes, deportivos, terapéuticos, prenatal, ventosas y más. Reserva.",Masajes a Domicilio en Medellín,Medellín,Ciudad,Todos,Alta,Pendiente
2,Hub Svc ★ (22z),/masajes-relajantes-a-domicilio/,Masajes Relajantes a Domicilio en Medellín | Manos Curativas,"Servicio profesional de masajes relajantes a domicilio en Medellín y alrededores. Alivio del estrés, bienestar y relajación profunda. Reserva tu sesión.",Masajes Relajantes a Domicilio en Medellín,Medellín,Ciudad,Masajes Relajantes,Alta,Pendiente
3,Hub Svc ★ (22z),/masajes-deportivos-a-domicilio/,Masajes Deportivos a Domicilio en Medellín | Manos Curativas,"Masajes deportivos profesionales a domicilio en Medellín y alrededores. Recuperación muscular, prevención de lesiones y rendimiento. Agenda tu cita.",Masajes Deportivos a Domicilio en Medellín,Medellín,Ciudad,Masajes Deportivos,Alta,Pendiente
4,Hub Svc ● (3z),/masajes-terapeuticos-a-domicilio/,Masajes Terapéuticos a Domicilio en Medellín | Manos Curativas,"Masajes terapéuticos profesionales a domicilio en Medellín y alrededores. Alivio del dolor, contracturas y tensión crónica. Reserva tu sesión.",Masajes Terapéuticos a Domicilio en Medellín,Medellín,Ciudad,Masajes Terapéuticos,Alta,Pendiente
5,Hub Svc ● (3z),/drenaje-linfatico-a-domicilio/,Drenaje Linfático a Domicilio en Medellín | Manos Curativas,Drenaje linfático profesional a domicilio en Medellín y alrededores. Desintoxicación y reducción de retención de líquidos. Reserva hoy.,Drenaje Linfático a Domicilio en Medellín,Medellín,Ciudad,Drenaje Linfático,Alta,Pendiente
6,Hub Svc ● (3z),/masaje-descontracturante-a-domicilio/,Masaje Descontracturante a Domicilio en Medellín | Manos Curativas,Masaje descontracturante profesional a domicilio en Medellín y alrededores. Liberación de nudos musculares y alivio inmediato. Agenda tu cita.,Masaje Descontracturante a Domicilio en Medellín,Medellín,Ciudad,Masaje Descontracturante,Alta,Pendiente
7,Hub Svc ● (3z),/masaje-tejido-profundo-a-domicilio/,Masaje de Tejido Profundo a Domicilio en Medellín | Manos Curativas,Masaje de tejido profundo a domicilio en Medellín y alrededores. Trabajo en capas musculares profundas para dolor crónico. Reserva tu sesión.,Masaje de Tejido Profundo a Domicilio en Medellín,Medellín,Ciudad,Masaje de Tejido Profundo,Alta,Pendiente
8,Hub Svc ● (3z),/masaje-prenatal-a-domicilio/,Masaje Prenatal a Domicilio en Medellín | Manos Curativas,Masaje prenatal especializado a domicilio en Medellín y alrededores. Alivio seguro para mamás en gestación. Bienestar para ti y tu bebé.,Masaje Prenatal a Domicilio en Medellín,Medellín,Ciudad,Masaje Prenatal,Alta,Pendiente
9,Hub Svc ● (3z),/masaje-con-ventosas-a-domicilio/,Masaje con Ventosas a Domicilio en Medellín | Manos Curativas,"Masaje con ventosas (cupping) profesional a domicilio en Medellín y alrededores. Desinflamación, circulación y alivio muscular. Agenda tu sesión.",Masaje con Ventosas a Domicilio en Medellín,Medellín,Ciudad,Masaje con Ventosas,Alta,Pendiente
10,Hub Svc ● (3z),/masaje-piedras-volcanicas-a-domicilio/,Masaje con Piedras Volcánicas a Domicilio en Medellín | Manos Curativas,Masaje con piedras volcánicas calientes a domicilio en Medellín y alrededores. Relajación profunda con calor terapéutico. Reserva tu sesión.,Masaje con Piedras Volcánicas a Domicilio en Medellín,Medellín,Ciudad,Masaje con Piedras Volcánicas,Alta,Pendiente
11,Hub Zona,/masajes-a-domicilio-en-medellin/,Masajes a Domicilio en Medellín | Manos Curativas,"Masajes profesionales a domicilio en Medellín. Relajantes, deportivos, terapéuticos y más servicios. Reserva tu sesión hoy.",Masajes a Domicilio en Medellín,Medellín,Ciudad,Todos,Alta,Pendiente
12,Hub Zona,/masajes-a-domicilio-en-el-poblado/,Masajes a Domicilio en El Poblado | Manos Curativas,"Masajes profesionales a domicilio en El Poblado. Relajantes, deportivos, terapéuticos y más servicios. Reserva tu sesión hoy.",Masajes a Domicilio en El Poblado,El Poblado,Barrio Medellín,Todos,Alta,Pendiente
13,Hub Zona,/masajes-a-domicilio-en-las-palmas-medellin/,Masajes a Domicilio en Las Palmas Medellín | Manos Curativas,"Masajes profesionales a domicilio en Las Palmas Medellín. Relajantes, deportivos, terapéuticos y más servicios. Reserva tu sesión hoy.",Masajes a Domicilio en Las Palmas Medellín,Las Palmas Medellín,Barrio Medellín,Todos,Alta,Pendiente
14,Hub Zona,/masajes-a-domicilio-en-laureles/,Masajes a Domicilio en Laureles | Manos Curativas,"Masajes profesionales a domicilio en Laureles. Relajantes, deportivos, terapéuticos y más servicios. Reserva tu sesión hoy.",Masajes a Domicilio en Laureles,Laureles,Barrio Medellín,Todos,Alta,Pendiente
15,Hub Zona,/masajes-a-domicilio-en-estadio/,Masajes a Domicilio en Estadio | Manos Curativas,"Masajes profesionales a domicilio en Estadio. Relajantes, deportivos, terapéuticos y más servicios. Reserva tu sesión hoy.",Masajes a Domicilio en Estadio,Estadio,Barrio Medellín,Todos,Media,Pendiente
16,Hub Zona,/masajes-a-domicilio-en-belen/,Masajes a Domicilio en Belén | Manos Curativas,"Masajes profesionales a domicilio en Belén. Relajantes, deportivos, terapéuticos y más servicios. Reserva tu sesión hoy.",Masajes a Domicilio en Belén,Belén,Barrio Medellín,Todos,Media,Pendiente
17,Hub Zona,/masajes-a-domicilio-en-manila/,Masajes a Domicilio en Manila | Manos Curativas,"Masajes profesionales a domicilio en Manila. Relajantes, deportivos, terapéuticos y más servicios. Reserva tu sesión hoy.",Masajes a Domicilio en Manila,Manila,Barrio Medellín,Todos,Media,Pendiente
18,Hub Zona,/masajes-a-domicilio-en-castropol/,Masajes a Domicilio en Castropol | Manos Curativas,"Masajes profesionales a domicilio en Castropol. Relajantes, deportivos, terapéuticos y más servicios. Reserva tu sesión hoy.",Masajes a Domicilio en Castropol,Castropol,Barrio Medellín,Todos,Media,Pendiente
19,Hub Zona,/masajes-a-domicilio-en-envigado/,Masajes a Domicilio en Envigado | Manos Curativas,"Masajes profesionales a domicilio en Envigado. Relajantes, deportivos, terapéuticos y más servicios. Reserva tu sesión hoy.",Masajes a Domicilio en Envigado,Envigado,Municipio Sur,Todos,Alta,Pendiente
20,Hub Zona,/masajes-a-domicilio-en-sabaneta/,Masajes a Domicilio en Sabaneta | Manos Curativas,"Masajes profesionales a domicilio en Sabaneta. Relajantes, deportivos, terapéuticos y más servicios. Reserva tu sesión hoy.",Masajes a Domicilio en Sabaneta,Sabaneta,Municipio Sur,Todos,Alta,Pendiente
21,Hub Zona,/masajes-a-domicilio-en-itagui/,Masajes a Domicilio en Itagüí | Manos Curativas,"Masajes profesionales a domicilio en Itagüí. Relajantes, deportivos, terapéuticos y más servicios. Reserva tu sesión hoy.",Masajes a Domicilio en Itagüí,Itagüí,Municipio Sur,Todos,Alta,Pendiente
22,Hub Zona,/masajes-a-domicilio-en-la-estrella/,Masajes a Domicilio en La Estrella | Manos Curativas,"Masajes profesionales a domicilio en La Estrella. Relajantes, deportivos, terapéuticos y más servicios. Reserva tu sesión hoy.",Masajes a Domicilio en La Estrella,La Estrella,Municipio Sur,Todos,Media,Pendiente
23,Hub Zona,/masajes-a-domicilio-en-rionegro/,Masajes a Domicilio en Rionegro | Manos Curativas,"Masajes profesionales a domicilio en Rionegro. Relajantes, deportivos, terapéuticos y más servicios. Reserva tu sesión hoy.",Masajes a Domicilio en Rionegro,Rionegro,Oriente Antioqueño,Todos,Alta,Pendiente
24,Hub Zona,/masajes-a-domicilio-en-la-ceja/,Masajes a Domicilio en La Ceja | Manos Curativas,"Masajes profesionales a domicilio en La Ceja. Relajantes, deportivos, terapéuticos y más servicios. Reserva tu sesión hoy.",Masajes a Domicilio en La Ceja,La Ceja,Oriente Antioqueño,Todos,Media,Pendiente
25,Hub Zona,/masajes-a-domicilio-en-el-retiro/,Masajes a Domicilio en El Retiro | Manos Curativas,"Masajes profesionales a domicilio en El Retiro. Relajantes, deportivos, terapéuticos y más servicios. Reserva tu sesión hoy.",Masajes a Domicilio en El Retiro,El Retiro,Oriente Antioqueño,Todos,Media,Pendiente
26,Hub Zona,/masajes-a-domicilio-en-marinilla/,Masajes a Domicilio en Marinilla | Manos Curativas,"Masajes profesionales a domicilio en Marinilla. Relajantes, deportivos, terapéuticos y más servicios. Reserva tu sesión hoy.",Masajes a Domicilio en Marinilla,Marinilla,Oriente Antioqueño,Todos,Media,Pendiente
27,Hub Zona,/masajes-a-domicilio-en-el-carmen-de-viboral/,Masajes a Domicilio en El Carmen de Viboral | Manos Curativas,"Masajes profesionales a domicilio en El Carmen de Viboral. Relajantes, deportivos, terapéuticos y más servicios. Reserva tu sesión hoy.",Masajes a Domicilio en El Carmen de Viboral,El Carmen de Viboral,Oriente Antioqueño,Todos,Baja,Pendiente
28,Hub Zona,/masajes-a-domicilio-en-guatape/,Masajes a Domicilio en Guatapé | Manos Curativas,"Masajes profesionales a domicilio en Guatapé. Relajantes, deportivos, terapéuticos y más servicios. Reserva tu sesión hoy.",Masajes a Domicilio en Guatapé,Guatapé,Oriente Antioqueño,Todos,Baja,Pendiente
29,Hub Zona,/masajes-a-domicilio-en-san-antonio-de-pereira/,Masajes a Domicilio en San Antonio de Pereira | Manos Curativas,"Masajes profesionales a domicilio en San Antonio de Pereira. Relajantes, deportivos, terapéuticos y más servicios. Reserva tu sesión hoy.",Masajes a Domicilio en San Antonio de Pereira,San Antonio de Pereira,Oriente Antioqueño,Todos,Baja,Pendiente
30,Hub Zona,/masajes-a-domicilio-en-el-penol/,Masajes a Domicilio en El Peñol | Manos Curativas,"Masajes profesionales a domicilio en El Peñol. Relajantes, deportivos, terapéuticos y más servicios. Reserva tu sesión hoy.",Masajes a Domicilio en El Peñol,El Peñol,Oriente Antioqueño,Todos,Baja,Pendiente
31,Hub Zona,/masajes-a-domicilio-en-llanogrande/,Masajes a Domicilio en Llanogrande | Manos Curativas,"Masajes profesionales a domicilio en Llanogrande. Relajantes, deportivos, terapéuticos y más servicios. Reserva tu sesión hoy.",Masajes a Domicilio en Llanogrande,Llanogrande,Oriente Antioqueño,Todos,Media,Pendiente
32,Hub Zona,/masajes-a-domicilio-en-guarne/,Masajes a Domicilio en Guarne | Manos Curativas,"Masajes profesionales a domicilio en Guarne. Relajantes, deportivos, terapéuticos y más servicios. Reserva tu sesión hoy.",Masajes a Domicilio en Guarne,Guarne,Oriente Antioqueño,Todos,Media,Pendiente
33,Prog ★ (full),/masajes-relajantes-a-domicilio-en-medellin/,Masajes Relajantes a Domicilio en Medellín | Manos Curativas,"Servicio profesional de masajes relajantes a domicilio en Medellín. Alivio del estrés, bienestar y relajación profunda. Reserva tu sesión.",Masajes Relajantes a Domicilio en Medellín,Medellín,Ciudad,Masajes Relajantes,Alta,Pendiente
34,Prog ★ (full),/masajes-relajantes-a-domicilio-en-el-poblado/,Masajes Relajantes a Domicilio en El Poblado | Manos Curativas,"Servicio profesional de masajes relajantes a domicilio en El Poblado. Alivio del estrés, bienestar y relajación profunda. Reserva tu sesión.",Masajes Relajantes a Domicilio en El Poblado,El Poblado,Barrio Medellín,Masajes Relajantes,Alta,Pendiente
35,Prog ★ (full),/masajes-relajantes-a-domicilio-en-las-palmas-medellin/,Masajes Relajantes a Domicilio en Las Palmas Medellín | Manos Curativas,"Servicio profesional de masajes relajantes a domicilio en Las Palmas Medellín. Alivio del estrés, bienestar y relajación profunda. Reserva tu sesión.",Masajes Relajantes a Domicilio en Las Palmas Medellín,Las Palmas Medellín,Barrio Medellín,Masajes Relajantes,Alta,Pendiente
36,Prog ★ (full),/masajes-relajantes-a-domicilio-en-laureles/,Masajes Relajantes a Domicilio en Laureles | Manos Curativas,"Servicio profesional de masajes relajantes a domicilio en Laureles. Alivio del estrés, bienestar y relajación profunda. Reserva tu sesión.",Masajes Relajantes a Domicilio en Laureles,Laureles,Barrio Medellín,Masajes Relajantes,Alta,Pendiente
37,Prog ★ (full),/masajes-relajantes-a-domicilio-en-estadio/,Masajes Relajantes a Domicilio en Estadio | Manos Curativas,"Servicio profesional de masajes relajantes a domicilio en Estadio. Alivio del estrés, bienestar y relajación profunda. Reserva tu sesión.",Masajes Relajantes a Domicilio en Estadio,Estadio,Barrio Medellín,Masajes Relajantes,Media,Pendiente
38,Prog ★ (full),/masajes-relajantes-a-domicilio-en-belen/,Masajes Relajantes a Domicilio en Belén | Manos Curativas,"Servicio profesional de masajes relajantes a domicilio en Belén. Alivio del estrés, bienestar y relajación profunda. Reserva tu sesión.",Masajes Relajantes a Domicilio en Belén,Belén,Barrio Medellín,Masajes Relajantes,Media,Pendiente
39,Prog ★ (full),/masajes-relajantes-a-domicilio-en-manila/,Masajes Relajantes a Domicilio en Manila | Manos Curativas,"Servicio profesional de masajes relajantes a domicilio en Manila. Alivio del estrés, bienestar y relajación profunda. Reserva tu sesión.",Masajes Relajantes a Domicilio en Manila,Manila,Barrio Medellín,Masajes Relajantes,Media,Pendiente
40,Prog ★ (full),/masajes-relajantes-a-domicilio-en-castropol/,Masajes Relajantes a Domicilio en Castropol | Manos Curativas,"Servicio profesional de masajes relajantes a domicilio en Castropol. Alivio del estrés, bienestar y relajación profunda. Reserva tu sesión.",Masajes Relajantes a Domicilio en Castropol,Castropol,Barrio Medellín,Masajes Relajantes,Media,Pendiente
41,Prog ★ (full),/masajes-relajantes-a-domicilio-en-envigado/,Masajes Relajantes a Domicilio en Envigado | Manos Curativas,"Servicio profesional de masajes relajantes a domicilio en Envigado. Alivio del estrés, bienestar y relajación profunda. Reserva tu sesión.",Masajes Relajantes a Domicilio en Envigado,Envigado,Municipio Sur,Masajes Relajantes,Alta,Pendiente
42,Prog ★ (full),/masajes-relajantes-a-domicilio-en-sabaneta/,Masajes Relajantes a Domicilio en Sabaneta | Manos Curativas,"Servicio profesional de masajes relajantes a domicilio en Sabaneta. Alivio del estrés, bienestar y relajación profunda. Reserva tu sesión.",Masajes Relajantes a Domicilio en Sabaneta,Sabaneta,Municipio Sur,Masajes Relajantes,Alta,Pendiente
43,Prog ★ (full),/masajes-relajantes-a-domicilio-en-itagui/,Masajes Relajantes a Domicilio en Itagüí | Manos Curativas,"Servicio profesional de masajes relajantes a domicilio en Itagüí. Alivio del estrés, bienestar y relajación profunda. Reserva tu sesión.",Masajes Relajantes a Domicilio en Itagüí,Itagüí,Municipio Sur,Masajes Relajantes,Alta,Pendiente
44,Prog ★ (full),/masajes-relajantes-a-domicilio-en-la-estrella/,Masajes Relajantes a Domicilio en La Estrella | Manos Curativas,"Servicio profesional de masajes relajantes a domicilio en La Estrella. Alivio del estrés, bienestar y relajación profunda. Reserva tu sesión.",Masajes Relajantes a Domicilio en La Estrella,La Estrella,Municipio Sur,Masajes Relajantes,Media,Pendiente
45,Prog ★ (full),/masajes-relajantes-a-domicilio-en-rionegro/,Masajes Relajantes a Domicilio en Rionegro | Manos Curativas,"Servicio profesional de masajes relajantes a domicilio en Rionegro. Alivio del estrés, bienestar y relajación profunda. Reserva tu sesión.",Masajes Relajantes a Domicilio en Rionegro,Rionegro,Oriente Antioqueño,Masajes Relajantes,Alta,Pendiente
46,Prog ★ (full),/masajes-relajantes-a-domicilio-en-la-ceja/,Masajes Relajantes a Domicilio en La Ceja | Manos Curativas,"Servicio profesional de masajes relajantes a domicilio en La Ceja. Alivio del estrés, bienestar y relajación profunda. Reserva tu sesión.",Masajes Relajantes a Domicilio en La Ceja,La Ceja,Oriente Antioqueño,Masajes Relajantes,Media,Pendiente
47,Prog ★ (full),/masajes-relajantes-a-domicilio-en-el-retiro/,Masajes Relajantes a Domicilio en El Retiro | Manos Curativas,"Servicio profesional de masajes relajantes a domicilio en El Retiro. Alivio del estrés, bienestar y relajación profunda. Reserva tu sesión.",Masajes Relajantes a Domicilio en El Retiro,El Retiro,Oriente Antioqueño,Masajes Relajantes,Media,Pendiente
48,Prog ★ (full),/masajes-relajantes-a-domicilio-en-marinilla/,Masajes Relajantes a Domicilio en Marinilla | Manos Curativas,"Servicio profesional de masajes relajantes a domicilio en Marinilla. Alivio del estrés, bienestar y relajación profunda. Reserva tu sesión.",Masajes Relajantes a Domicilio en Marinilla,Marinilla,Oriente Antioqueño,Masajes Relajantes,Media,Pendiente
49,Prog ★ (full),/masajes-relajantes-a-domicilio-en-el-carmen-de-viboral/,Masajes Relajantes a Domicilio en El Carmen de Viboral | Manos Curativas,"Servicio profesional de masajes relajantes a domicilio en El Carmen de Viboral. Alivio del estrés, bienestar y relajación profunda. Reserva tu sesión.",Masajes Relajantes a Domicilio en El Carmen de Viboral,El Carmen de Viboral,Oriente Antioqueño,Masajes Relajantes,Baja,Pendiente
50,Prog ★ (full),/masajes-relajantes-a-domicilio-en-guatape/,Masajes Relajantes a Domicilio en Guatapé | Manos Curativas,"Servicio profesional de masajes relajantes a domicilio en Guatapé. Alivio del estrés, bienestar y relajación profunda. Reserva tu sesión.",Masajes Relajantes a Domicilio en Guatapé,Guatapé,Oriente Antioqueño,Masajes Relajantes,Baja,Pendiente
51,Prog ★ (full),/masajes-relajantes-a-domicilio-en-san-antonio-de-pereira/,Masajes Relajantes a Domicilio en San Antonio de Pereira | Manos Curativas,"Servicio profesional de masajes relajantes a domicilio en San Antonio de Pereira. Alivio del estrés, bienestar y relajación profunda. Reserva tu sesión.",Masajes Relajantes a Domicilio en San Antonio de Pereira,San Antonio de Pereira,Oriente Antioqueño,Masajes Relajantes,Baja,Pendiente
52,Prog ★ (full),/masajes-relajantes-a-domicilio-en-el-penol/,Masajes Relajantes a Domicilio en El Peñol | Manos Curativas,"Servicio profesional de masajes relajantes a domicilio en El Peñol. Alivio del estrés, bienestar y relajación profunda. Reserva tu sesión.",Masajes Relajantes a Domicilio en El Peñol,El Peñol,Oriente Antioqueño,Masajes Relajantes,Baja,Pendiente
53,Prog ★ (full),/masajes-relajantes-a-domicilio-en-llanogrande/,Masajes Relajantes a Domicilio en Llanogrande | Manos Curativas,"Servicio profesional de masajes relajantes a domicilio en Llanogrande. Alivio del estrés, bienestar y relajación profunda. Reserva tu sesión.",Masajes Relajantes a Domicilio en Llanogrande,Llanogrande,Oriente Antioqueño,Masajes Relajantes,Media,Pendiente
54,Prog ★ (full),/masajes-relajantes-a-domicilio-en-guarne/,Masajes Relajantes a Domicilio en Guarne | Manos Curativas,"Servicio profesional de masajes relajantes a domicilio en Guarne. Alivio del estrés, bienestar y relajación profunda. Reserva tu sesión.",Masajes Relajantes a Domicilio en Guarne,Guarne,Oriente Antioqueño,Masajes Relajantes,Media,Pendiente
55,Prog ★ (full),/masajes-deportivos-a-domicilio-en-medellin/,Masajes Deportivos a Domicilio en Medellín | Manos Curativas,"Masajes deportivos profesionales a domicilio en Medellín. Recuperación muscular, prevención de lesiones y rendimiento. Agenda tu cita.",Masajes Deportivos a Domicilio en Medellín,Medellín,Ciudad,Masajes Deportivos,Alta,Pendiente
56,Prog ★ (full),/masajes-deportivos-a-domicilio-en-el-poblado/,Masajes Deportivos a Domicilio en El Poblado | Manos Curativas,"Masajes deportivos profesionales a domicilio en El Poblado. Recuperación muscular, prevención de lesiones y rendimiento. Agenda tu cita.",Masajes Deportivos a Domicilio en El Poblado,El Poblado,Barrio Medellín,Masajes Deportivos,Alta,Pendiente
57,Prog ★ (full),/masajes-deportivos-a-domicilio-en-las-palmas-medellin/,Masajes Deportivos a Domicilio en Las Palmas Medellín | Manos Curativas,"Masajes deportivos profesionales a domicilio en Las Palmas Medellín. Recuperación muscular, prevención de lesiones y rendimiento. Agenda tu cita.",Masajes Deportivos a Domicilio en Las Palmas Medellín,Las Palmas Medellín,Barrio Medellín,Masajes Deportivos,Alta,Pendiente
58,Prog ★ (full),/masajes-deportivos-a-domicilio-en-laureles/,Masajes Deportivos a Domicilio en Laureles | Manos Curativas,"Masajes deportivos profesionales a domicilio en Laureles. Recuperación muscular, prevención de lesiones y rendimiento. Agenda tu cita.",Masajes Deportivos a Domicilio en Laureles,Laureles,Barrio Medellín,Masajes Deportivos,Alta,Pendiente
59,Prog ★ (full),/masajes-deportivos-a-domicilio-en-estadio/,Masajes Deportivos a Domicilio en Estadio | Manos Curativas,"Masajes deportivos profesionales a domicilio en Estadio. Recuperación muscular, prevención de lesiones y rendimiento. Agenda tu cita.",Masajes Deportivos a Domicilio en Estadio,Estadio,Barrio Medellín,Masajes Deportivos,Media,Pendiente
60,Prog ★ (full),/masajes-deportivos-a-domicilio-en-belen/,Masajes Deportivos a Domicilio en Belén | Manos Curativas,"Masajes deportivos profesionales a domicilio en Belén. Recuperación muscular, prevención de lesiones y rendimiento. Agenda tu cita.",Masajes Deportivos a Domicilio en Belén,Belén,Barrio Medellín,Masajes Deportivos,Media,Pendiente
61,Prog ★ (full),/masajes-deportivos-a-domicilio-en-manila/,Masajes Deportivos a Domicilio en Manila | Manos Curativas,"Masajes deportivos profesionales a domicilio en Manila. Recuperación muscular, prevención de lesiones y rendimiento. Agenda tu cita.",Masajes Deportivos a Domicilio en Manila,Manila,Barrio Medellín,Masajes Deportivos,Media,Pendiente
62,Prog ★ (full),/masajes-deportivos-a-domicilio-en-castropol/,Masajes Deportivos a Domicilio en Castropol | Manos Curativas,"Masajes deportivos profesionales a domicilio en Castropol. Recuperación muscular, prevención de lesiones y rendimiento. Agenda tu cita.",Masajes Deportivos a Domicilio en Castropol,Castropol,Barrio Medellín,Masajes Deportivos,Media,Pendiente
63,Prog ★ (full),/masajes-deportivos-a-domicilio-en-envigado/,Masajes Deportivos a Domicilio en Envigado | Manos Curativas,"Masajes deportivos profesionales a domicilio en Envigado. Recuperación muscular, prevención de lesiones y rendimiento. Agenda tu cita.",Masajes Deportivos a Domicilio en Envigado,Envigado,Municipio Sur,Masajes Deportivos,Alta,Pendiente
64,Prog ★ (full),/masajes-deportivos-a-domicilio-en-sabaneta/,Masajes Deportivos a Domicilio en Sabaneta | Manos Curativas,"Masajes deportivos profesionales a domicilio en Sabaneta. Recuperación muscular, prevención de lesiones y rendimiento. Agenda tu cita.",Masajes Deportivos a Domicilio en Sabaneta,Sabaneta,Municipio Sur,Masajes Deportivos,Alta,Pendiente
65,Prog ★ (full),/masajes-deportivos-a-domicilio-en-itagui/,Masajes Deportivos a Domicilio en Itagüí | Manos Curativas,"Masajes deportivos profesionales a domicilio en Itagüí. Recuperación muscular, prevención de lesiones y rendimiento. Agenda tu cita.",Masajes Deportivos a Domicilio en Itagüí,Itagüí,Municipio Sur,Masajes Deportivos,Alta,Pendiente
66,Prog ★ (full),/masajes-deportivos-a-domicilio-en-la-estrella/,Masajes Deportivos a Domicilio en La Estrella | Manos Curativas,"Masajes deportivos profesionales a domicilio en La Estrella. Recuperación muscular, prevención de lesiones y rendimiento. Agenda tu cita.",Masajes Deportivos a Domicilio en La Estrella,La Estrella,Municipio Sur,Masajes Deportivos,Media,Pendiente
67,Prog ★ (full),/masajes-deportivos-a-domicilio-en-rionegro/,Masajes Deportivos a Domicilio en Rionegro | Manos Curativas,"Masajes deportivos profesionales a domicilio en Rionegro. Recuperación muscular, prevención de lesiones y rendimiento. Agenda tu cita.",Masajes Deportivos a Domicilio en Rionegro,Rionegro,Oriente Antioqueño,Masajes Deportivos,Alta,Pendiente
68,Prog ★ (full),/masajes-deportivos-a-domicilio-en-la-ceja/,Masajes Deportivos a Domicilio en La Ceja | Manos Curativas,"Masajes deportivos profesionales a domicilio en La Ceja. Recuperación muscular, prevención de lesiones y rendimiento. Agenda tu cita.",Masajes Deportivos a Domicilio en La Ceja,La Ceja,Oriente Antioqueño,Masajes Deportivos,Media,Pendiente
69,Prog ★ (full),/masajes-deportivos-a-domicilio-en-el-retiro/,Masajes Deportivos a Domicilio en El Retiro | Manos Curativas,"Masajes deportivos profesionales a domicilio en El Retiro. Recuperación muscular, prevención de lesiones y rendimiento. Agenda tu cita.",Masajes Deportivos a Domicilio en El Retiro,El Retiro,Oriente Antioqueño,Masajes Deportivos,Media,Pendiente
70,Prog ★ (full),/masajes-deportivos-a-domicilio-en-marinilla/,Masajes Deportivos a Domicilio en Marinilla | Manos Curativas,"Masajes deportivos profesionales a domicilio en Marinilla. Recuperación muscular, prevención de lesiones y rendimiento. Agenda tu cita.",Masajes Deportivos a Domicilio en Marinilla,Marinilla,Oriente Antioqueño,Masajes Deportivos,Media,Pendiente
71,Prog ★ (full),/masajes-deportivos-a-domicilio-en-el-carmen-de-viboral/,Masajes Deportivos a Domicilio en El Carmen de Viboral | Manos Curativas,"Masajes deportivos profesionales a domicilio en El Carmen de Viboral. Recuperación muscular, prevención de lesiones y rendimiento. Agenda tu cita.",Masajes Deportivos a Domicilio en El Carmen de Viboral,El Carmen de Viboral,Oriente Antioqueño,Masajes Deportivos,Baja,Pendiente
72,Prog ★ (full),/masajes-deportivos-a-domicilio-en-guatape/,Masajes Deportivos a Domicilio en Guatapé | Manos Curativas,"Masajes deportivos profesionales a domicilio en Guatapé. Recuperación muscular, prevención de lesiones y rendimiento. Agenda tu cita.",Masajes Deportivos a Domicilio en Guatapé,Guatapé,Oriente Antioqueño,Masajes Deportivos,Baja,Pendiente
73,Prog ★ (full),/masajes-deportivos-a-domicilio-en-san-antonio-de-pereira/,Masajes Deportivos a Domicilio en San Antonio de Pereira | Manos Curativas,"Masajes deportivos profesionales a domicilio en San Antonio de Pereira. Recuperación muscular, prevención de lesiones y rendimiento. Agenda tu cita.",Masajes Deportivos a Domicilio en San Antonio de Pereira,San Antonio de Pereira,Oriente Antioqueño,Masajes Deportivos,Baja,Pendiente
74,Prog ★ (full),/masajes-deportivos-a-domicilio-en-el-penol/,Masajes Deportivos a Domicilio en El Peñol | Manos Curativas,"Masajes deportivos profesionales a domicilio en El Peñol. Recuperación muscular, prevención de lesiones y rendimiento. Agenda tu cita.",Masajes Deportivos a Domicilio en El Peñol,El Peñol,Oriente Antioqueño,Masajes Deportivos,Baja,Pendiente
75,Prog ★ (full),/masajes-deportivos-a-domicilio-en-llanogrande/,Masajes Deportivos a Domicilio en Llanogrande | Manos Curativas,"Masajes deportivos profesionales a domicilio en Llanogrande. Recuperación muscular, prevención de lesiones y rendimiento. Agenda tu cita.",Masajes Deportivos a Domicilio en Llanogrande,Llanogrande,Oriente Antioqueño,Masajes Deportivos,Media,Pendiente
76,Prog ★ (full),/masajes-deportivos-a-domicilio-en-guarne/,Masajes Deportivos a Domicilio en Guarne | Manos Curativas,"Masajes deportivos profesionales a domicilio en Guarne. Recuperación muscular, prevención de lesiones y rendimiento. Agenda tu cita.",Masajes Deportivos a Domicilio en Guarne,Guarne,Oriente Antioqueño,Masajes Deportivos,Media,Pendiente
77,Prog ● (top3),/masajes-terapeuticos-a-domicilio-en-medellin/,Masajes Terapéuticos a Domicilio en Medellín | Manos Curativas,"Masajes terapéuticos profesionales a domicilio en Medellín. Alivio del dolor, contracturas y tensión crónica. Reserva tu sesión.",Masajes Terapéuticos a Domicilio en Medellín,Medellín,Ciudad,Masajes Terapéuticos,Alta,Pendiente
78,Prog ● (top3),/masajes-terapeuticos-a-domicilio-en-el-poblado/,Masajes Terapéuticos a Domicilio en El Poblado | Manos Curativas,"Masajes terapéuticos profesionales a domicilio en El Poblado. Alivio del dolor, contracturas y tensión crónica. Reserva tu sesión.",Masajes Terapéuticos a Domicilio en El Poblado,El Poblado,Barrio Medellín,Masajes Terapéuticos,Alta,Pendiente
79,Prog ● (top3),/masajes-terapeuticos-a-domicilio-en-rionegro/,Masajes Terapéuticos a Domicilio en Rionegro | Manos Curativas,"Masajes terapéuticos profesionales a domicilio en Rionegro. Alivio del dolor, contracturas y tensión crónica. Reserva tu sesión.",Masajes Terapéuticos a Domicilio en Rionegro,Rionegro,Oriente Antioqueño,Masajes Terapéuticos,Alta,Pendiente
80,Prog ● (top3),/drenaje-linfatico-a-domicilio-en-medellin/,Drenaje Linfático a Domicilio en Medellín | Manos Curativas,Drenaje linfático profesional a domicilio en Medellín. Desintoxicación y reducción de retención de líquidos. Reserva hoy.,Drenaje Linfático a Domicilio en Medellín,Medellín,Ciudad,Drenaje Linfático,Alta,Pendiente
81,Prog ● (top3),/drenaje-linfatico-a-domicilio-en-el-poblado/,Drenaje Linfático a Domicilio en El Poblado | Manos Curativas,Drenaje linfático profesional a domicilio en El Poblado. Desintoxicación y reducción de retención de líquidos. Reserva hoy.,Drenaje Linfático a Domicilio en El Poblado,El Poblado,Barrio Medellín,Drenaje Linfático,Alta,Pendiente
82,Prog ● (top3),/drenaje-linfatico-a-domicilio-en-rionegro/,Drenaje Linfático a Domicilio en Rionegro | Manos Curativas,Drenaje linfático profesional a domicilio en Rionegro. Desintoxicación y reducción de retención de líquidos. Reserva hoy.,Drenaje Linfático a Domicilio en Rionegro,Rionegro,Oriente Antioqueño,Drenaje Linfático,Alta,Pendiente
83,Prog ● (top3),/masaje-descontracturante-a-domicilio-en-medellin/,Masaje Descontracturante a Domicilio en Medellín | Manos Curativas,Masaje descontracturante profesional a domicilio en Medellín. Liberación de nudos musculares y alivio inmediato. Agenda tu cita.,Masaje Descontracturante a Domicilio en Medellín,Medellín,Ciudad,Masaje Descontracturante,Alta,Pendiente
84,Prog ● (top3),/masaje-descontracturante-a-domicilio-en-el-poblado/,Masaje Descontracturante a Domicilio en El Poblado | Manos Curativas,Masaje descontracturante profesional a domicilio en El Poblado. Liberación de nudos musculares y alivio inmediato. Agenda tu cita.,Masaje Descontracturante a Domicilio en El Poblado,El Poblado,Barrio Medellín,Masaje Descontracturante,Alta,Pendiente
85,Prog ● (top3),/masaje-descontracturante-a-domicilio-en-rionegro/,Masaje Descontracturante a Domicilio en Rionegro | Manos Curativas,Masaje descontracturante profesional a domicilio en Rionegro. Liberación de nudos musculares y alivio inmediato. Agenda tu cita.,Masaje Descontracturante a Domicilio en Rionegro,Rionegro,Oriente Antioqueño,Masaje Descontracturante,Alta,Pendiente
86,Prog ● (top3),/masaje-tejido-profundo-a-domicilio-en-medellin/,Masaje de Tejido Profundo a Domicilio en Medellín | Manos Curativas,Masaje de tejido profundo a domicilio en Medellín. Trabajo en capas musculares profundas para dolor crónico. Reserva tu sesión.,Masaje de Tejido Profundo a Domicilio en Medellín,Medellín,Ciudad,Masaje de Tejido Profundo,Alta,Pendiente
87,Prog ● (top3),/masaje-tejido-profundo-a-domicilio-en-el-poblado/,Masaje de Tejido Profundo a Domicilio en El Poblado | Manos Curativas,Masaje de tejido profundo a domicilio en El Poblado. Trabajo en capas musculares profundas para dolor crónico. Reserva tu sesión.,Masaje de Tejido Profundo a Domicilio en El Poblado,El Poblado,Barrio Medellín,Masaje de Tejido Profundo,Alta,Pendiente
88,Prog ● (top3),/masaje-tejido-profundo-a-domicilio-en-rionegro/,Masaje de Tejido Profundo a Domicilio en Rionegro | Manos Curativas,Masaje de tejido profundo a domicilio en Rionegro. Trabajo en capas musculares profundas para dolor crónico. Reserva tu sesión.,Masaje de Tejido Profundo a Domicilio en Rionegro,Rionegro,Oriente Antioqueño,Masaje de Tejido Profundo,Alta,Pendiente
89,Prog ● (top3),/masaje-prenatal-a-domicilio-en-medellin/,Masaje Prenatal a Domicilio en Medellín | Manos Curativas,Masaje prenatal especializado a domicilio en Medellín. Alivio seguro para mamás en gestación. Bienestar para ti y tu bebé.,Masaje Prenatal a Domicilio en Medellín,Medellín,Ciudad,Masaje Prenatal,Alta,Pendiente
90,Prog ● (top3),/masaje-prenatal-a-domicilio-en-el-poblado/,Masaje Prenatal a Domicilio en El Poblado | Manos Curativas,Masaje prenatal especializado a domicilio en El Poblado. Alivio seguro para mamás en gestación. Bienestar para ti y tu bebé.,Masaje Prenatal a Domicilio en El Poblado,El Poblado,Barrio Medellín,Masaje Prenatal,Alta,Pendiente
91,Prog ● (top3),/masaje-prenatal-a-domicilio-en-rionegro/,Masaje Prenatal a Domicilio en Rionegro | Manos Curativas,Masaje prenatal especializado a domicilio en Rionegro. Alivio seguro para mamás en gestación. Bienestar para ti y tu bebé.,Masaje Prenatal a Domicilio en Rionegro,Rionegro,Oriente Antioqueño,Masaje Prenatal,Alta,Pendiente
92,Prog ● (top3),/masaje-con-ventosas-a-domicilio-en-medellin/,Masaje con Ventosas a Domicilio en Medellín | Manos Curativas,"Masaje con ventosas (cupping) profesional a domicilio en Medellín. Desinflamación, circulación y alivio muscular. Agenda tu sesión.",Masaje con Ventosas a Domicilio en Medellín,Medellín,Ciudad,Masaje con Ventosas,Alta,Pendiente
93,Prog ● (top3),/masaje-con-ventosas-a-domicilio-en-el-poblado/,Masaje con Ventosas a Domicilio en El Poblado | Manos Curativas,"Masaje con ventosas (cupping) profesional a domicilio en El Poblado. Desinflamación, circulación y alivio muscular. Agenda tu sesión.",Masaje con Ventosas a Domicilio en El Poblado,El Poblado,Barrio Medellín,Masaje con Ventosas,Alta,Pendiente
94,Prog ● (top3),/masaje-con-ventosas-a-domicilio-en-rionegro/,Masaje con Ventosas a Domicilio en Rionegro | Manos Curativas,"Masaje con ventosas (cupping) profesional a domicilio en Rionegro. Desinflamación, circulación y alivio muscular. Agenda tu sesión.",Masaje con Ventosas a Domicilio en Rionegro,Rionegro,Oriente Antioqueño,Masaje con Ventosas,Alta,Pendiente
95,Prog ● (top3),/masaje-piedras-volcanicas-a-domicilio-en-medellin/,Masaje con Piedras Volcánicas a Domicilio en Medellín | Manos Curativas,Masaje con piedras volcánicas calientes a domicilio en Medellín. Relajación profunda con calor terapéutico. Reserva tu sesión.,Masaje con Piedras Volcánicas a Domicilio en Medellín,Medellín,Ciudad,Masaje con Piedras Volcánicas,Alta,Pendiente
96,Prog ● (top3),/masaje-piedras-volcanicas-a-domicilio-en-el-poblado/,Masaje con Piedras Volcánicas a Domicilio en El Poblado | Manos Curativas,Masaje con piedras volcánicas calientes a domicilio en El Poblado. Relajación profunda con calor terapéutico. Reserva tu sesión.,Masaje con Piedras Volcánicas a Domicilio en El Poblado,El Poblado,Barrio Medellín,Masaje con Piedras Volcánicas,Alta,Pendiente
97,Prog ● (top3),/masaje-piedras-volcanicas-a-domicilio-en-rionegro/,Masaje con Piedras Volcánicas a Domicilio en Rionegro | Manos Curativas,Masaje con piedras volcánicas calientes a domicilio en Rionegro. Relajación profunda con calor terapéutico. Reserva tu sesión.,Masaje con Piedras Volcánicas a Domicilio en Rionegro,Rionegro,Oriente Antioqueño,Masaje con Piedras Volcánicas,Alta,Pendiente