#,Título,Slug URL,Keyword Target,Vol.,Categoría,Meta Description,Enlaza a
1,¿Qué es la ventosaterapia y para qué sirve?,/blog/que-es-ventosaterapia/,ventosaterapia que es,50,Ventosas / Cupping,"Descubre qué es la ventosaterapia, cómo funciona y sus beneficios. Guía completa.",Hub: Ventosas
2,Beneficios del masaje con ventosas: guía completa,/blog/beneficios-masaje-ventosas/,masaje ventosas beneficios,30,Ventosas / Cupping,"Los 10 beneficios del masaje con ventosas: desinflamación, circulación y alivio muscular.",Hub: Ventosas
3,Ventosas en fisioterapia: ¿realmente funcionan?,/blog/ventosas-fisioterapia/,ventosas fisioterapia,110,Ventosas / Cupping,Análisis del uso de ventosas en fisioterapia. Evidencia científica y casos de uso.,Hub: Ventosas
4,Masaje con ventosas vs masaje tradicional: diferencias,/blog/ventosas-vs-tradicional/,ventosas vs masaje tradicional,30,Ventosas / Cupping,Comparación entre masaje con ventosas y masaje manual. Cuál elegir según tu necesidad.,"Hub: Ventosas, Hub: Relajantes"
5,Cupping deportivo: por qué los atletas usan ventosas,/blog/cupping-deportivo/,ventosas deportistas,10,Ventosas / Cupping,Por qué atletas profesionales usan cupping para recuperación muscular y rendimiento.,"Hub: Ventosas, Hub: Deportivos"
6,¿Duele el masaje con ventosas? Lo que debes saber,/blog/duele-masaje-ventosas/,ventosas duele,10,Ventosas / Cupping,¿El masaje con ventosas duele? Qué esperar y cuándo es normal sentir molestia.,Hub: Ventosas
7,Ventosas para contracturas: cómo alivian la tensión,/blog/ventosas-contracturas/,ventosas contracturas,10,Ventosas / Cupping,Cómo las ventosas liberan contracturas musculares profundas. Técnica y beneficios.,"Hub: Ventosas, Hub: Descontracturante"
8,¿Cada cuánto hacerse masaje con ventosas?,/blog/frecuencia-ventosas/,frecuencia ventosas,10,Ventosas / Cupping,Frecuencia ideal de ventosaterapia según tu condición. Mantenimiento vs tratamiento.,Hub: Ventosas
9,Ventosaterapia y circulación sanguínea,/blog/ventosas-circulacion/,ventosas circulacion,10,Ventosas / Cupping,La ciencia de cómo las ventosas mejoran la circulación sanguínea y linfática.,"Hub: Ventosas, Hub: Drenaje"
10,Los moretones del cupping: ¿son normales?,/blog/moretones-cupping/,ventosas moretones,10,Ventosas / Cupping,"Las marcas de las ventosas. Por qué aparecen, cuánto duran y qué significan.",Hub: Ventosas
11,5 beneficios del masaje relajante que no conocías,/blog/beneficios-masaje-relajante/,beneficios masaje relajante,50,Masaje Relajante,5 beneficios del masaje relajante para tu salud física y mental comprobados por la ciencia.,Hub: Relajantes
12,Masaje relajante vs terapéutico: ¿cuál necesitas?,/blog/relajante-vs-terapeutico/,relajante vs terapeutico,30,Masaje Relajante,Diferencias entre masaje relajante y terapéutico. Guía para elegir el correcto.,"Hub: Relajantes, Hub: Terapéuticos"
13,Tu primera sesión de masaje relajante: qué esperar,/blog/primera-sesion-relajante/,primera vez masaje,10,Masaje Relajante,Paso a paso de tu primera sesión de masaje relajante a domicilio. Preparación y consejos.,Hub: Relajantes
14,Masaje relajante para el insomnio: técnicas que funcionan,/blog/masaje-relajante-insomnio/,masaje insomnio,20,Masaje Relajante,Cómo el masaje relajante te ayuda a dormir mejor. Técnicas y rutina recomendada.,Hub: Relajantes
15,Los mejores aceites esenciales para masajes relajantes,/blog/aceites-esenciales-masaje/,aceites masaje relajante,20,Masaje Relajante,"Guía de aromaterapia para masajes. Lavanda, eucalipto, manzanilla y sus beneficios.",Hub: Relajantes
16,Masaje relajante después del trabajo: recarga tu cuerpo,/blog/masaje-despues-trabajo/,masaje antiestres,20,Masaje Relajante,El estrés laboral acumulado cobra factura. Un masaje relajante a domicilio transforma tu semana.,Hub: Relajantes
17,¿Cada cuánto hacerse un masaje relajante?,/blog/frecuencia-relajante/,frecuencia masaje relajante,10,Masaje Relajante,"Frecuencia ideal de masajes relajantes: semanal, quincenal o mensual según tu caso.",Hub: Relajantes
18,Masaje a domicilio vs ir al spa: ventajas reales,/blog/domicilio-vs-spa/,masaje domicilio vs spa,20,Masaje Relajante,"Comparación entre masaje a domicilio vs spa. Comodidad, precio y personalización.","Hub: Relajantes, Homepage"
19,Cómo preparar tu espacio para un masaje a domicilio,/blog/preparar-espacio-masaje/,preparar masaje domicilio,10,Masaje Relajante,Tips para acondicionar tu casa antes de un masaje a domicilio. Ambiente perfecto.,Hub: Relajantes
20,Masaje relajante y ansiedad: lo que dice la ciencia,/blog/masaje-ansiedad/,masaje ansiedad,20,Masaje Relajante,"Evidencia de cómo los masajes reducen la ansiedad. Cortisol, serotonina y bienestar.",Hub: Relajantes
21,Masaje deportivo: guía completa para deportistas,/blog/guia-masaje-deportivo/,masaje deportivo guia,50,Masaje Deportivo,"Todo sobre masaje deportivo: tipos, beneficios y cómo mejora tu rendimiento.",Hub: Deportivos
22,Masaje pre vs post entrenamiento: cuál necesitas,/blog/masaje-pre-post-entreno/,masaje post entrenamiento,20,Masaje Deportivo,Diferencias entre masaje pre y post competitivo. Cuándo aplicar cada uno.,Hub: Deportivos
23,Masaje deportivo para corredores: recuperación total,/blog/masaje-corredores/,masaje para corredores,10,Masaje Deportivo,Masaje deportivo específico para runners. Prevención y recuperación.,Hub: Deportivos
24,¿El masaje deportivo previene lesiones?,/blog/masaje-previene-lesiones/,masaje prevenir lesiones,10,Masaje Deportivo,Evidencia sobre cómo el masaje deportivo previene lesiones musculares.,Hub: Deportivos
25,Masaje deportivo para futbolistas: entre partidos,/blog/masaje-futbolistas/,masaje futbolistas,10,Masaje Deportivo,Protocolo de masaje deportivo para fútbol. Recuperación entre partidos.,Hub: Deportivos
26,Masaje deportivo para ciclistas: piernas y espalda,/blog/masaje-ciclistas/,masaje ciclistas,10,Masaje Deportivo,Masaje para ciclistas. Prevención de sobrecargas y recuperación post-ruta.,Hub: Deportivos
27,¿Cada cuánto debe un deportista hacerse masaje?,/blog/frecuencia-masaje-deportivo/,frecuencia masaje deportivo,10,Masaje Deportivo,"Frecuencia recomendada según nivel: amateur, semi-pro y profesional.",Hub: Deportivos
28,Masaje deportivo vs fisioterapia: diferencias,/blog/deportivo-vs-fisioterapia/,masaje vs fisioterapia,10,Masaje Deportivo,Cuándo necesitas masaje deportivo y cuándo fisioterapia. Cómo se complementan.,Hub: Deportivos
29,Masaje deportivo para gym: recuperación post-pesas,/blog/masaje-gym/,masaje recuperacion gym,10,Masaje Deportivo,Masaje deportivo para recuperación después del gimnasio. DOMS y rendimiento.,Hub: Deportivos
30,Técnicas de masaje para recuperación muscular,/blog/tecnicas-recuperacion-muscular/,masaje recuperacion muscular,10,Masaje Deportivo,"Amasamiento, fricción y presión. Cuándo usar cada técnica de recuperación.",Hub: Deportivos
31,¿Qué es un masaje terapéutico y cuándo necesitas uno?,/blog/que-es-masaje-terapeutico/,que es masaje terapeutico,30,Masaje Terapéutico,"Guía del masaje terapéutico. Qué es, para qué sirve y cuándo es la mejor opción.",Hub: Terapéuticos
32,Masaje terapéutico para dolor de espalda,/blog/masaje-dolor-espalda/,masaje dolor espalda,30,Masaje Terapéutico,Cómo el masaje terapéutico alivia el dolor de espalda crónico y agudo.,Hub: Terapéuticos
33,Masaje para dolor cervical y cuello rígido,/blog/masaje-dolor-cervical/,masaje dolor cervical,20,Masaje Terapéutico,Alivio del dolor cervical con masaje terapéutico. Causas y técnicas específicas.,Hub: Terapéuticos
34,Masaje terapéutico para ciática,/blog/masaje-ciatica/,masaje ciatica,20,Masaje Terapéutico,Cómo el masaje alivia el dolor de ciática. Técnicas y estiramientos complementarios.,Hub: Terapéuticos
35,Masaje para migraña y dolor de cabeza tensional,/blog/masaje-migrana/,masaje migrana,10,Masaje Terapéutico,Técnicas de masaje para aliviar migrañas y cefaleas. Puntos de presión.,Hub: Terapéuticos
36,Masaje terapéutico para fibromialgia,/blog/masaje-fibromialgia/,masaje fibromialgia,10,Masaje Terapéutico,El masaje como complemento para fibromialgia. Evidencia y técnicas suaves.,Hub: Terapéuticos
37,¿Cuántas sesiones de masaje terapéutico necesito?,/blog/sesiones-masaje-terapeutico/,sesiones masaje terapeutico,10,Masaje Terapéutico,Número de sesiones según tu condición. Plan de tratamiento realista.,Hub: Terapéuticos
38,"Drenaje linfático: qué es, beneficios y para quién es",/blog/que-es-drenaje-linfatico/,drenaje linfatico que es,30,Drenaje Linfático,Guía completa del drenaje linfático manual. Funcionamiento y beneficios.,Hub: Drenaje
39,Drenaje linfático para piernas hinchadas,/blog/drenaje-piernas-hinchadas/,drenaje piernas hinchadas,20,Drenaje Linfático,Cómo el drenaje linfático reduce la hinchazón en piernas y retención de líquidos.,Hub: Drenaje
40,Drenaje linfático post operatorio: recuperación rápida,/blog/drenaje-post-operatorio/,drenaje postoperatorio,20,Drenaje Linfático,"Drenaje linfático después de cirugías. Protocolo, frecuencia y beneficios.",Hub: Drenaje
41,Drenaje linfático facial: rejuvenecimiento natural,/blog/drenaje-linfatico-facial/,drenaje linfatico facial,10,Drenaje Linfático,Beneficios del drenaje facial. Reduce hinchazón y mejora el tono de piel.,Hub: Drenaje
42,Drenaje linfático vs masaje reductor: cuál elegir,/blog/drenaje-vs-reductor/,drenaje vs reductor,10,Drenaje Linfático,Diferencias entre drenaje linfático y masaje reductor. Objetivos y técnicas.,Hub: Drenaje
43,¿Cada cuánto hacerse drenaje linfático?,/blog/frecuencia-drenaje/,frecuencia drenaje linfatico,10,Drenaje Linfático,Frecuencia recomendada según condición. Mantenimiento y tratamiento.,Hub: Drenaje
44,Masaje descontracturante: qué es y cuándo lo necesitas,/blog/que-es-descontracturante/,descontracturante que es,20,Descontracturante,Todo sobre el masaje descontracturante. Liberación de nudos y alivio muscular.,Hub: Descontracturante
45,Contracturas musculares: causas y cómo aliviarlas,/blog/contracturas-causas-alivio/,contracturas musculares,20,Descontracturante,Por qué aparecen las contracturas y el rol del masaje en su tratamiento.,Hub: Descontracturante
46,Masaje descontracturante para oficinistas,/blog/descontracturante-oficinistas/,masaje cuello oficina,10,Descontracturante,"Masaje para trabajadores de escritorio. Cuello, hombros y espalda alta.",Hub: Descontracturante
47,Descontracturante vs tejido profundo: diferencias,/blog/descontracturante-vs-profundo/,descontracturante vs profundo,10,Descontracturante,Comparación entre masaje descontracturante y tejido profundo.,"Hub: Descontracturante, Hub: Tejido Profundo"
48,Puntos gatillo: qué son y cómo se tratan con masaje,/blog/puntos-gatillo/,puntos gatillo masaje,10,Descontracturante,Puntos gatillo miofasciales: dolor referido y cómo el masaje los desactiva.,Hub: Descontracturante
49,Masaje de tejido profundo: guía completa,/blog/que-es-tejido-profundo/,tejido profundo que es,20,Tejido Profundo,"Guía del masaje de tejido profundo. Técnica, beneficios y para quién es ideal.",Hub: Tejido Profundo
50,Tejido profundo para dolor crónico muscular,/blog/tejido-profundo-dolor-cronico/,masaje dolor cronico,10,Tejido Profundo,Masaje de tejido profundo para dolor crónico. Evidencia y expectativas.,Hub: Tejido Profundo
51,¿Es normal el dolor después de un masaje profundo?,/blog/dolor-despues-masaje-profundo/,dolor post masaje,10,Tejido Profundo,Qué esperar después de tejido profundo. Dolor normal vs señales de alarma.,Hub: Tejido Profundo
52,Masaje de tejido profundo para lumbalgia,/blog/tejido-profundo-lumbalgia/,masaje lumbalgia,10,Tejido Profundo,Tratamiento de dolor lumbar con masaje de tejido profundo.,Hub: Tejido Profundo
53,Masaje prenatal: beneficios para mamá y bebé,/blog/beneficios-masaje-prenatal/,masaje prenatal beneficios,20,Prenatal,10 beneficios del masaje prenatal comprobados para embarazo saludable.,Hub: Prenatal
54,¿Es seguro el masaje durante el embarazo?,/blog/masaje-embarazo-seguro/,masaje embarazo seguro,20,Prenatal,"Seguridad del masaje prenatal. Trimestres, contraindicaciones y precauciones.",Hub: Prenatal
55,Masaje prenatal: ¿desde qué mes se puede hacer?,/blog/prenatal-desde-que-mes/,masaje prenatal mes,10,Prenatal,Guía por trimestre sobre cuándo iniciar masaje prenatal.,Hub: Prenatal
56,Masaje prenatal para dolor de espalda en embarazo,/blog/prenatal-dolor-espalda/,dolor espalda embarazo,10,Prenatal,Alivio del dolor lumbar del embarazo con masaje prenatal seguro.,Hub: Prenatal
57,Masaje prenatal para piernas hinchadas,/blog/prenatal-piernas-hinchadas/,piernas hinchadas embarazo,10,Prenatal,Alivio de hinchazón en piernas durante el embarazo con masaje suave.,"Hub: Prenatal, Hub: Drenaje"
58,Masaje postparto: recuperación después del parto,/blog/masaje-postparto/,masaje postparto,10,Prenatal,Masaje postparto para recuperación física y emocional después del parto.,Hub: Prenatal
59,Masaje con piedras calientes: cómo funciona,/blog/que-es-piedras-calientes/,masaje piedras calientes,20,Piedras Volcánicas,"Guía del masaje con piedras volcánicas. Origen, técnica y beneficios.",Hub: Piedras Volcánicas
60,Beneficios del masaje con piedras volcánicas,/blog/beneficios-piedras-volcanicas/,beneficios piedras volcanicas,10,Piedras Volcánicas,8 beneficios del masaje con piedras calientes para cuerpo y mente.,Hub: Piedras Volcánicas
61,Piedras calientes vs masaje relajante: cuál es mejor,/blog/piedras-vs-relajante/,piedras calientes vs relajante,10,Piedras Volcánicas,Comparación entre piedras volcánicas y masaje relajante tradicional.,"Hub: Piedras, Hub: Relajantes"
62,Contraindicaciones del masaje con piedras calientes,/blog/contraindicaciones-piedras/,piedras calientes contraindicaciones,10,Piedras Volcánicas,Quién no debe recibir masaje con piedras calientes. Guía de seguridad.,Hub: Piedras Volcánicas
63,Masaje para dolor de espalda: guía por tipo de dolor,/blog/masaje-dolor-espalda-tipos/,masaje dolor espalda,40,Síntomas / Problemas,"Qué masaje necesitas según tu dolor de espalda. Lumbar, dorsal, cervical.","Hub: Terapéuticos, Descontracturante"
64,Masaje para estrés laboral: recupera tu bienestar,/blog/masaje-estres-laboral/,masaje para estres,30,Síntomas / Problemas,El estrés laboral afecta cuerpo y mente. El masaje te ayuda a recuperarte.,Hub: Relajantes
65,Masaje para dolor de hombros por computador,/blog/masaje-dolor-hombros-computador/,masaje dolor hombros computador,20,Síntomas / Problemas,8+ horas frente al PC. Cómo el masaje alivia la tensión en cuello y hombros.,Hub: Descontracturante
66,Masaje para piernas cansadas y pesadas,/blog/masaje-piernas-cansadas/,masaje piernas cansadas,20,Síntomas / Problemas,"Alivio para piernas cansadas, pesadas e hinchadas. Tipos de masaje ideales.","Hub: Drenaje, Hub: Relajantes"
67,Masaje para tensión mandibular y bruxismo,/blog/masaje-bruxismo/,masaje bruxismo,10,Síntomas / Problemas,Cómo el masaje alivia tensión mandibular y bruxismo. Puntos de presión.,Hub: Terapéuticos
68,Masaje para retención de líquidos,/blog/masaje-retencion-liquidos/,masaje retencion liquidos,20,Síntomas / Problemas,Drenaje linfático y masaje para combatir la retención de líquidos.,Hub: Drenaje
69,Masaje para tortícolis: alivio rápido,/blog/masaje-torticolis/,masaje torticolis,10,Síntomas / Problemas,Alivio de tortícolis con masaje profesional. Liberación y movilización.,Hub: Descontracturante
70,Masaje para fascitis plantar: dolor en el pie,/blog/masaje-fascitis-plantar/,masaje fascitis plantar,10,Síntomas / Problemas,"Masaje para fascitis plantar. Técnicas, frecuencia y ejercicios complementarios.",Hub: Terapéuticos
71,Masaje para túnel carpiano: alivio en manos,/blog/masaje-tunel-carpiano/,masaje tunel carpiano,10,Síntomas / Problemas,Técnicas de masaje para síndrome de túnel carpiano. Prevención y alivio.,Hub: Terapéuticos
72,Masaje para dolor de rodilla: ¿puede ayudar?,/blog/masaje-dolor-rodilla/,masaje dolor rodilla,10,Síntomas / Problemas,El masaje como complemento para dolor de rodilla. Cuándo es recomendable.,Hub: Terapéuticos
73,Tipos de masaje: guía para elegir el ideal,/blog/tipos-de-masaje/,tipos de masaje,50,Guías y Comparaciones,Guía de todos los tipos de masaje disponibles. Encuentra el ideal para ti.,Todos los hubs
74,Relajante vs deportivo vs terapéutico: comparación,/blog/comparacion-3-masajes/,diferencia masajes,20,Guías y Comparaciones,Comparación de los 3 masajes más populares. Objetivos y técnicas.,"Hub: Relaj, Deport, Terap"
75,¿Cuánto dura un masaje? Guía de tiempos,/blog/cuanto-dura-masaje/,cuanto dura masaje,20,Guías y Comparaciones,"Duración recomendada por tipo de masaje. 30, 60, 90 o 120 minutos.",Todos los hubs
76,¿Con qué frecuencia hacerse masajes?,/blog/frecuencia-masajes/,cada cuanto masaje,20,Guías y Comparaciones,"Frecuencia ideal de masajes según objetivo: relajación, dolor o deporte.",Todos los hubs
77,Qué hacer antes y después de un masaje,/blog/antes-despues-masaje/,antes despues masaje,10,Guías y Comparaciones,"Preparación y cuidados post-masaje. Hidratación, alimentación y descanso.",Todos los hubs
78,7 ventajas del masaje a domicilio,/blog/ventajas-masaje-domicilio/,masaje domicilio ventajas,20,Guías y Comparaciones,"Por qué elegir masaje a domicilio. Comodidad, personalización y más.","Homepage, Hubs Zona"
79,Cómo elegir un buen masajista profesional,/blog/como-elegir-masajista/,elegir masajista,10,Guías y Comparaciones,Criterios para elegir masajista profesional. Certificaciones y señales.,Homepage
80,Spa vs masaje a domicilio: ¿cuál vale más la pena?,/blog/spa-vs-domicilio/,spa vs domicilio,20,Guías y Comparaciones,Análisis spa vs masaje a domicilio en Medellín. Precio y experiencia.,Homepage
81,¿El masaje ayuda a bajar de peso? La verdad,/blog/masaje-bajar-peso/,masaje bajar peso,20,Guías y Comparaciones,Análisis honesto sobre masajes y pérdida de peso. Qué puede y qué no.,Hub: Drenaje
82,Masaje con aceites vs masaje en seco: diferencias,/blog/aceites-vs-seco/,masaje aceites vs seco,10,Guías y Comparaciones,Cuándo usar aceites y cuándo masaje seco. Beneficios de cada técnica.,Hub: Relajantes
83,Cómo el masaje mejora la calidad del sueño,/blog/masaje-mejora-sueno/,masaje dormir mejor,20,Bienestar / Lifestyle,La ciencia de cómo el masaje mejora el sueño. Melatonina y cortisol.,Hub: Relajantes
84,Masaje y salud mental: más allá de lo físico,/blog/masaje-salud-mental/,masaje salud mental,10,Bienestar / Lifestyle,"Impacto del masaje en salud mental. Ansiedad, depresión y bienestar.",Hub: Relajantes
85,Masaje como regalo: ideas para sorprender,/blog/masaje-como-regalo/,regalar masaje,10,Bienestar / Lifestyle,Cómo regalar un masaje a domicilio en Medellín. Bonos y ocasiones.,Homepage
86,Rutina de autocuidado con masaje semanal,/blog/rutina-autocuidado/,autocuidado masaje,10,Bienestar / Lifestyle,Incorpora el masaje regular en tu rutina de bienestar integral.,Hub: Relajantes
87,Masaje y productividad: bienestar corporativo,/blog/masaje-productividad/,masaje empresarial,10,Bienestar / Lifestyle,El masaje mejora productividad laboral. Datos y opciones corporativas.,Homepage
88,Masaje para adultos mayores: beneficios especiales,/blog/masaje-adultos-mayores/,masaje adultos mayores,10,Bienestar / Lifestyle,Beneficios del masaje suave para personas mayores. Circulación y movilidad.,"Hub: Relajantes, Terapéuticos"
89,Masaje para personas que trabajan de pie,/blog/masaje-trabajan-de-pie/,masaje trabajar pie,10,Bienestar / Lifestyle,"Masajes para meseros, médicos y quienes están de pie todo el día.","Hub: Relajantes, Descontracturante"
90,Efectos del masaje en el sistema inmunológico,/blog/masaje-sistema-inmune/,masaje sistema inmune,10,Bienestar / Lifestyle,Cómo el masaje regular fortalece tu sistema inmunológico. Evidencia.,"Hub: Drenaje, Relajantes"
91,Masaje deportivo para CrossFit,/blog/masaje-crossfit/,masaje crossfit,10,Deportes / Rendimiento,Masaje deportivo para crossfitters. Recuperación de WODs sin lesiones.,Hub: Deportivos
92,Masaje para trail runners y montaña,/blog/masaje-trail-running/,masaje trail running,10,Deportes / Rendimiento,Masaje para trail runners. Terrenos irregulares y recuperación post-carrera.,Hub: Deportivos
93,Masaje deportivo para nadadores,/blog/masaje-nadadores/,masaje nadadores,10,Deportes / Rendimiento,"Masaje para nadadores: hombros, espalda y prevención de lesiones.",Hub: Deportivos
94,Masaje y flexibilidad: mejora tu rango de movimiento,/blog/masaje-flexibilidad/,masaje flexibilidad,10,Deportes / Rendimiento,Masaje regular y mejora de flexibilidad. Fascia y amplitud articular.,"Hub: Deportivos, Tejido Profundo"
95,Masaje para practicantes de yoga y pilates,/blog/masaje-yoga-pilates/,masaje yoga pilates,10,Deportes / Rendimiento,Cómo el masaje complementa yoga y pilates. Liberación miofascial.,"Hub: Relajantes, Deportivos"
96,¿Cuánto cuesta un masaje a domicilio en Medellín? 2026,/blog/precios-masaje-medellin/,masajes medellin precios,40,Precios y Logística,Guía actualizada de precios de masajes a domicilio en Medellín 2026.,"Homepage, Todos los hubs"
97,¿Cuánto cuesta un masaje relajante a domicilio?,/blog/precio-masaje-relajante/,precio masaje relajante,20,Precios y Logística,Precios de masaje relajante a domicilio. Factores y qué incluye.,Hub: Relajantes
98,¿Cuánto cuesta un masaje deportivo?,/blog/precio-masaje-deportivo/,precio masaje deportivo,10,Precios y Logística,Precios de masaje deportivo en Medellín. Sesión única y paquetes.,Hub: Deportivos
99,¿Qué incluye una sesión de masaje a domicilio?,/blog/que-incluye-masaje-domicilio/,que incluye masaje domicilio,10,Precios y Logística,"Todo lo que incluye un masaje a domicilio. Camilla, aceites y protocolo.",Homepage
100,Paquetes de masajes: ¿vale la pena?,/blog/paquetes-masajes/,paquetes masajes,10,Precios y Logística,Análisis de si los paquetes de masajes con descuento valen la pena.,Homepage